{
    "camera_matrix": [
        [1143.0258929604997, 0.0, 959.1136362320711],
        [0.0, 1143.2368955192608, 688.1018842505094],
        [0.0, 0.0, 1.0]
    ],
    "distortion_coefficients": [
        [
            0.0010495690481472295, -0.0029200170315156586, 3.635473689514633e-5,
            -0.00013204899463212426, 0.0030496302682098447
        ]
    ],
    "mean_reprojection_error": 0.06983603537082672,
    "image_width": 1920,
    "image_height": 1372
}
